Zipcode,Median age,Sex ratio (males per 100 females)
6390,52.5,123
10001,35.6,101
10002,40.8,92.6
10003,32.1,90.9
10004,33.1,90.1
10005,29.4,92.4
10006,31.4,80.8
10007,35.4,134.5
10009,37,83.4
10010,34.6,99.1
10011,39.5,102.6
10012,34.2,108.1
10013,36.9,98.8
10014,37,105.3
10016,33.4,85.4
10017,37.4,85.7
10018,30.7,110.9
10019,39.2,97.8
10020,-,-
10021,39.5,82.9
10022,45.5,78.8
10023,42.1,87
10024,42.5,86.8
10025,40.3,76.7
10026,34.2,86.9
10027,30.2,86.5
10028,39.6,77.7
10029,33.3,84.8
10030,34.1,88.7
10031,33.8,93.7
10032,34.2,97
10033,35.8,105.9
10034,35.5,93.4
10035,35.2,98.2
10036,37,134.1
10037,36.1,80.3
10038,33.6,87.6
10039,32.4,83.6
10040,37.8,86.6
10044,40.9,90.8
10065,38.7,78.4
10069,34.6,90.8
10075,44.1,71.1
10103,-,-
10110,-,-
10111,-,-
10112,-,-
10115,-,-
10119,-,-
10128,39.1,76.2
10152,-,-
10153,-,-
10154,-,-
10162,44.4,117.7
10165,-,-
10167,-,-
10168,-,-
10169,-,-
10170,-,-
10171,-,-
10172,-,-
10173,-,-
10174,-,-
10177,-,-
10199,-,-
10271,-,-
10278,-,-
10279,-,-
10280,37.2,93.3
10282,33,111
10301,35.8,99.9
10302,32.9,100.4
10303,32.9,90
10304,35.6,87.5
10305,39.5,92.8
10306,41.9,92.2
10307,38.6,88.6
10308,43.3,95.8
10309,39.1,102.2
10310,34.7,96.6
10311,-,-
10312,41.5,94
10314,41.6,92
10451,32,79.4
10452,30.5,87.2
10453,30.9,84.7
10454,28.1,92.1
10455,30.6,93.8
10456,29.8,84.5
10457,29.6,86.5
10458,29.1,93.2
10459,29.1,88.8
10460,30.7,84.8
10461,37.2,94.2
10462,35.3,87.4
10463,37.9,91.2
10464,47.4,78.2
10465,40,92.8
10466,35.8,83.4
10467,33.4,92.5
10468,32.2,91.1
10469,38.1,82.5
10470,38.1,95.8
10471,43,86.5
10472,31.2,95.7
10473,36.5,80.8
10474,30.3,105.7
10475,46.1,81.7
10501,47.6,93.4
10502,45.5,93.6
10503,60.4,57
10504,41.7,95.2
10505,36.9,71.2
10506,43.5,86.6
10507,36.1,76.8
10509,41.4,101.5
10510,44.1,91
10511,44.5,100.5
10512,43.8,94.9
10514,40.5,104.8
10516,44.3,113.1
10517,31.9,96.1
10518,49.8,82.7
10519,49.2,52.2
10520,44.6,93.2
10522,41.8,93.4
10523,36,116.7
10524,47.8,104.9
10526,42.6,75.9
10527,44.6,114.4
10528,40.9,91.6
10530,48,79.4
10532,43.9,100.7
10533,43.8,96
10535,45.3,51.3
10536,44.2,102.4
10537,46.2,128.8
10538,40.9,93.8
10541,41.1,101.2
10543,41.2,91.7
10545,35.2,-
10546,45.1,83.6
10547,41.7,95.8
10548,49.4,98.6
10549,39.1,115.6
10550,33.8,87.2
10552,43.3,82.6
10553,38.9,75.1
10560,50.9,79.3
10562,38.9,104.9
10566,39.3,101.5
10567,43.8,94.5
10570,41.1,96.6
10573,37.8,103.4
10576,49.5,78.6
10577,20.4,68.3
10578,45.5,113.1
10579,44.7,102
10580,42.1,92.7
10583,43.3,94.8
10588,50.1,66.9
10589,55.2,86.8
10590,44.6,106.6
10591,40.4,90.3
10594,40.4,106.1
10595,37.9,124.8
10596,36.8,93.8
10597,46.9,80.2
10598,44,94.3
10601,36.9,94.3
10603,39.5,79.2
10604,41.1,99.2
10605,41.8,94.4
10606,36,98.9
10607,43.2,107.8
10701,35.3,87.4
10703,37.6,93.7
10704,40.2,94.6
10705,34.1,92.5
10706,45.6,95.4
10707,39,93.9
10708,43.7,80.8
10709,43.1,87.3
10710,43,86.1
10801,35.6,101.2
10803,39.8,98.3
10804,44.9,93.8
10805,41.7,91.8
10901,43,94.4
10910,-,-
10911,-,-
10913,41.5,108.5
10914,39.7,39.2
10915,43.7,96.2
10916,41.7,98.8
10917,41.8,85.1
10918,40.1,96.6
10919,47.2,135.7
10920,43.2,94.3
10921,42.7,100.8
10922,44,133.9
10923,39.6,104.4
10924,44,100.4
10925,45.7,118
10926,39,97.8
10927,33.2,97.8
10928,41.9,99.1
10930,39.7,104
10931,43.7,97.4
10932,57.4,35.1
10933,30.5,106.9
10940,36.8,95.7
10941,39.2,96.9
10950,23.2,95.3
10952,20.4,101.1
10953,61.7,96.2
10954,45.1,92
10956,45.1,97.7
10958,44.8,146.7
10960,40.8,116.5
10962,47.1,97.7
10963,40.7,228.4
10964,54.7,84.7
10965,41,89.7
10968,52.9,75.1
10969,41.8,136.2
10970,40.6,84.3
10973,42,114.1
10974,39,108.8
10975,44.8,132
10976,39.7,58.9
10977,27.9,99.1
10979,45.8,336.2
10980,43.2,87.6
10983,44,90.5
10984,43.6,78.1
10985,35.9,88.9
10986,40.3,97.8
10987,46.9,103.9
10988,35.8,92.7
10989,47.3,88.4
10990,44.6,99.6
10992,44.8,96.4
10993,32.6,101.5
10994,43.3,88.3
10996,20.8,200.9
10998,40.6,106
11001,41.6,95.6
11003,37.1,93.3
11004,45.6,83.6
11005,82,55.4
11010,41.6,98.1
11020,44.6,83.6
11021,46.4,81.6
11023,40.2,104.3
11024,35.5,104.3
11030,46.2,88.5
11040,43.9,93.5
11042,82.7,60.5
11050,42.2,94
11096,33.9,94
11101,36.1,102.9
11102,33.4,100.3
11103,34.1,101.8
11104,37.7,94.6
11105,34.3,100
11106,36.4,96.4
11109,31.9,106.4
11201,35.1,97.4
11203,39.6,78.6
11204,34.4,97.3
11205,29.4,87.3
11206,29,94.6
11207,31.5,81.3
11208,31,86.8
11209,39.4,89.7
11210,35.2,83.8
11211,30.3,100
11212,32.6,73.1
11213,33.1,83.4
11214,39.1,97
11215,34.9,95.3
11216,34.6,90
11217,35.3,88.4
11218,32.8,97
11219,27.9,105
11220,32.6,104.9
11221,31.7,90.2
11222,34,93.6
11223,36.2,90.9
11224,46.9,77.8
11225,33.5,83.7
11226,34.7,81.7
11228,39.2,94.3
11229,40.7,91.3
11230,34.3,93.4
11231,36.3,89.1
11232,32.9,115.2
11233,32.8,79.5
11234,39.5,88.5
11235,44.6,89.7
11236,37.5,79.7
11237,29.8,107.5
11238,35.1,90.4
11239,44,67
11351,-,-
11354,44.2,88
11355,41.4,92.3
11356,35.6,100.4
11357,44.6,90.5
11358,42.9,96.5
11359,-,-
11360,49.1,86.5
11361,41.3,94
11362,45.3,85.5
11363,43.8,103.1
11364,43.7,89.3
11365,41.4,89.5
11366,40.2,90
11367,35.2,91.8
11368,31.5,116.3
11369,35.2,99.7
11370,36.8,146.8
11371,-,-
11372,39,100.2
11373,37.2,103.9
11374,42.2,91.2
11375,41.9,89.8
11377,36.7,100.6
11378,39.2,92.4
11379,43.3,89.5
11385,35.2,96.3
11411,44.1,78.2
11412,40.1,80.3
11413,38.4,83.2
11414,45.5,86.5
11415,36.8,85.5
11416,33.6,96.4
11417,36.7,96.4
11418,34.5,96.6
11419,35.9,99.9
11420,37,90.4
11421,35.8,96.8
11422,35.1,81.7
11423,40.3,92.9
11424,-,-
11425,-,-
11426,38.5,97.7
11427,41.6,89.7
11428,40.2,93
11429,39.6,93.3
11430,42.3,644
11432,34.8,90.5
11433,33.6,86.8
11434,36.6,76.9
11435,35.3,99
11436,35.1,96.1
11451,-,-
11501,41.1,98.7
11507,47.4,99.2
11509,53.4,99.3
11510,40.4,93.5
11514,42.1,88.3
11516,29.2,88.9
11518,44.7,99.8
11520,37.2,94.8
11530,42.1,92.8
11542,38.8,104.1
11545,45.3,98.8
11547,45.3,100.8
11548,21.5,66.3
11549,20.4,62.7
11550,34.3,96.8
11552,40.5,97.5
11553,34.4,91.7
11554,43.2,99.4
11556,-,-
11557,47.8,90.5
11558,45.5,95
11559,39.9,89.5
11560,44.9,94.8
11561,45,85.2
11563,43,90.3
11565,48.2,92.3
11566,43.4,96.3
11568,22.7,93.3
11569,46.5,104
11570,41.9,95.3
11572,44,93.3
11575,33.1,86.5
11576,45.9,97.1
11577,43.3,94
11579,47,89.6
11580,39.3,94.6
11581,38,97.8
11590,38.2,94
11596,41.4,95.3
11598,37.6,95.7
11691,32.4,85.7
11692,35.6,92
11693,40.6,92.6
11694,45.1,100.6
11697,44.7,103.2
11701,40,90.4
11702,43,95
11703,41.2,92.3
11704,41.2,91.1
11705,42.3,91.9
11706,34.6,99
11709,46.4,88.6
11710,42.8,100
11713,38.1,91.3
11714,44,88.3
11715,43.7,91.5
11716,40.7,99.6
11717,32.5,99.2
11718,44,100.9
11719,50.7,84
11720,38.6,99.9
11721,45.4,80
11722,33.6,103.2
11724,45.1,113.6
11725,45.1,94.5
11726,36.3,90.2
11727,39.1,91.4
11729,40,88.7
11730,41.9,89.6
11731,43.1,103.1
11732,47.1,86.6
11733,44.9,101.9
11735,41.2,94
11738,39.3,110
11739,46.5,117.3
11740,44.1,83.4
11741,41.1,100.1
11742,40.3,107.7
11743,45.2,90.1
11746,39.8,100
11747,49.2,85.7
11749,44.1,87.1
11751,43.2,97.4
11752,42.4,98
11753,44.3,94.7
11754,43.8,101.4
11755,38.9,95.3
11756,41.2,93.1
11757,40.2,95.3
11758,42.9,92.9
11762,42.7,93.7
11763,37.8,91.2
11764,38.9,102.2
11765,49.3,95.1
11766,41.7,95.5
11767,41.2,91.7
11768,47.2,95.8
11769,46,82.9
11770,36.7,82.7
11771,43.7,84.4
11772,38.8,99.4
11776,40,94
11777,47,94.3
11778,37.9,91.5
11779,40.5,102
11780,45.5,91.4
11782,44,89.6
11783,42.8,96.6
11784,37.7,96.7
11786,42.3,100
11787,44.2,96.9
11788,43,102.2
11789,38.2,103.3
11790,25.5,105.4
11791,43,100.9
11792,41.3,102.7
11793,43.3,94
11794,20.1,114.4
11795,42.8,94.2
11796,46.3,91.1
11797,51.2,83
11798,32.4,86.7
11801,43.4,98.5
11803,44,93.1
11804,44.2,95.5
11901,40.8,120.9
11930,52.5,115.8
11931,-,100
11932,55.4,96.5
11933,49.7,91.6
11934,39.8,87.7
11935,51.5,92.1
11937,49,103.6
11939,62.4,111.3
11940,42.2,114.2
11941,46.9,110.8
11942,45.2,88
11944,50.2,80.5
11946,42.4,108.6
11947,65.5,40.7
11948,49.6,92.5
11949,39.2,103.6
11950,35.2,110.6
11951,37.2,99.3
11952,49.4,99
11953,42.6,96.7
11954,54.4,88.1
11955,48.6,68
11956,59.2,64.9
11957,66.3,104
11958,57.6,78.5
11959,56.7,82.9
11960,58.6,87.7
11961,50.8,91
11962,46.9,141.3
11963,48.1,96.3
11964,48.3,79.7
11965,47.8,84.7
11967,36.3,98.3
11968,50.4,94.8
11970,54.8,37.2
11971,55.1,103.4
11972,45.9,97.7
11973,20.9,43.8
11975,57,109.8
11976,55.3,89.7
11977,52.3,100.8
11978,47.6,88.6
11980,41.7,128.2
12007,-,88.9
12008,40.1,110.4
12009,42.5,101.7
12010,41.2,95.3
12015,46.6,91.6
12017,49.2,103.1
12018,43.9,98.7
12019,44.4,98.2
12020,40.1,97.9
12022,50.3,81.4
12023,45.5,118.2
12024,42.3,35.3
12025,44.8,107.2
12027,46.1,101.1
12028,40.4,133.1
12029,48.1,107
12031,30.8,121.7
12032,52.2,103.5
12033,46.5,87.9
12035,44.7,122.5
12036,47.5,90.3
12037,46.8,95.4
12040,31.1,46
12041,50.2,147
12042,52.5,132.5
12043,34,103.3
12045,45.8,101.8
12046,40.6,131.1
12047,39.7,91.6
12051,35,239.5
12052,44.4,97.4
12053,41.6,102.3
12054,42.2,100.5
12056,44.2,108.7
12057,43.6,86.6
12058,38.8,97.6
12059,48,94.4
12060,46.9,92.8
12061,43.3,94.6
12062,42.9,94.8
12063,49.1,92
12064,50.3,120.1
12065,41.3,95
12066,40.8,88.8
12067,41.1,122
12068,42.3,88.6
12069,23.9,185.2
12070,43.3,100.6
12071,47.3,105.8
12072,35.4,105.3
12074,50,110.5
12075,50.1,113.2
12076,48.7,111.3
12077,45.3,97.4
12078,41.9,96.1
12083,49.6,99.4
12084,31.9,75.5
12085,34.8,68.3
12086,49.1,95.8
12087,37.7,72.1
12089,33.1,247.2
12090,41,96.9
12092,51.6,69.7
12093,43.9,116.8
12094,35.1,97.3
12095,41.4,104.5
12106,50.1,108.8
12108,50.8,105.5
12110,40.2,84.7
12115,60,150
12116,49.6,88.7
12117,46.5,95.6
12118,41.6,90.5
12120,50.1,92.5
12121,48.5,123.5
12122,47.4,92.4
12123,44.6,117
12124,49.5,132.5
12125,45.8,96.6
12130,46.6,86.4
12131,46.6,110.4
12132,44.1,138.3
12134,43.9,100.5
12136,50.7,107.1
12137,41,96
12138,44.4,108.5
12139,55,108.8
12140,46.4,90.9
12143,43.4,99.8
12144,40.9,93.8
12147,45.6,96.2
12148,43.4,89.2
12149,39.1,90
12150,47,105.3
12151,49.1,90.5
12153,42.2,130.8
12154,44.6,121.4
12155,40.2,91.8
12156,36.3,141.3
12157,49.7,93.6
12158,40.1,85
12159,46.3,88.4
12160,48.7,91.8
12161,41.2,167.6
12164,57.1,138.2
12165,56.4,98.5
12166,47.4,117.6
12167,48.4,72.9
12168,45.4,87.8
12169,48.9,104.6
12170,41.5,109
12172,53.1,137.7
12173,41.2,125
12174,40.6,70.9
12175,42.2,140.9
12176,27.1,134.1
12177,45.4,184
12180,33.8,100.2
12182,37.7,85.5
12183,36.3,110.3
12184,47.1,103
12185,47.5,105.4
12186,45.1,104.9
12187,46.7,84.6
12188,40.1,90.3
12189,36.6,102.6
12190,52.3,86.7
12192,47,61.1
12193,47,109.5
12194,51,97.5
12195,48.1,61.9
12196,45,98
12197,50.1,79.2
12198,39.8,90.8
12202,33.9,85.6
12203,33.1,85.8
12204,33.5,91.1
12205,43.4,99.4
12206,30.5,94.9
12207,48,124.4
12208,33.9,89
12209,35.2,88.2
12210,32,106.2
12211,47.7,91.9
12222,19.6,104.1
12302,43.9,89.6
12303,40.3,93.7
12304,36.5,92.4
12305,39.7,125.8
12306,40.9,91.6
12307,27.3,89.1
12308,33.5,97.6
12309,43.9,98.6
12401,42.2,88.9
12404,41.7,95.1
12405,65.2,88.2
12406,48.9,90.1
12407,48.5,68.8
12409,57.9,139
12410,53.8,80
12411,41.2,116.5
12412,49.7,88
12413,47.9,81.4
12414,43,97.5
12416,59.4,126.8
12417,33.8,80.2
12418,48,87.5
12419,34.8,111.5
12420,53.2,118
12421,58.4,147.5
12422,52.6,128.7
12423,44.5,81
12424,60.6,102.9
12427,31,90.9
12428,37.9,109.8
12429,52.4,112.9
12430,49.1,83.7
12431,43.5,79.7
12432,46.7,88.9
12433,46,100.8
12434,51,119
12435,44.6,170.2
12436,59.5,124.5
12438,44.6,97.4
12439,64.5,85.5
12440,47.5,106.4
12441,49.5,135.7
12442,60.9,71.2
12443,49.4,104.3
12444,55.1,68.5
12446,44,98.5
12448,58.6,108.3
12449,51.4,87
12450,58,19.8
12451,39.2,105.4
12452,45,72.6
12453,49.5,102
12454,49.3,135.7
12455,54.6,75.6
12456,39.4,113.7
12457,54.4,86.4
12458,42.5,176.1
12459,61.9,112.7
12460,32.5,105.2
12461,49.1,108.5
12463,50.2,109.8
12464,59.5,111
12465,54.8,92.5
12466,48.4,77.6
12468,55.5,106.6
12469,49.7,98.7
12470,44.1,125.3
12471,30.3,128.8
12472,41.3,117.4
12473,35.9,119.2
12474,43.1,108.8
12475,59.5,174.7
12477,43.4,100.5
12480,60.5,109.1
12481,53,71.2
12482,38.9,199.6
12483,40.5,58.5
12484,43.2,78.2
12485,45.7,84.4
12486,40,126.4
12487,42.9,99.2
12489,39.6,498.9
12490,-,-
12491,53.5,111.3
12492,58.8,75
12493,31.7,73.5
12494,51.8,82.3
12495,47.5,76.1
12496,58.5,108.2
12498,55.6,97.4
12501,44.9,83.3
12502,51.9,102.3
12503,52.8,133
12504,20,70.7
12507,29.6,138.5
12508,39.5,110
12512,70.3,245
12513,52.5,133.6
12514,44.2,107.3
12515,51,103.8
12516,48.4,78.8
12517,45.5,152.8
12518,43.2,92.7
12520,42.1,82
12521,46.3,117.1
12522,49.3,109.2
12523,45.6,112.5
12524,42.6,106.8
12525,38.4,101.7
12526,47.4,88.9
12527,40.4,63.2
12528,42.3,93.9
12529,49.9,111.9
12530,58.8,1340
12531,44.4,111.4
12533,41.5,99.1
12534,43.1,94.5
12538,41.8,89.6
12540,44.3,100.1
12542,40.7,97.8
12543,38.4,96.9
12545,46.8,92.9
12546,44.6,106.2
12547,43.7,112.7
12548,46.4,102.7
12549,40.5,87
12550,33.8,92.8
12553,38.7,102.9
12561,33.9,83.3
12563,38.7,85.1
12564,43.4,99.7
12565,35.4,120.5
12566,42.4,105.4
12567,48.8,94.1
12569,44,91.8
12570,42.5,101.1
12571,44.8,98.9
12572,53.4,92.6
12574,46.9,90.4
12575,43.2,143.9
12577,47.4,82.4
12578,46.3,119
12580,41.4,108.7
12581,47.4,118.9
12582,43.8,190.7
12583,38.5,113.8
12585,45.7,147.8
12586,35.6,100.2
12589,38.6,118.4
12590,42,97.8
12592,45.4,111.5
12594,40.1,121.6
12601,34.4,90.2
12603,39.5,92
12604,21,62.8
12701,39.2,100.2
12719,51.6,98
12720,33.2,101.1
12721,38,114.1
12722,54.8,126.7
12723,43.4,117
12724,43.8,70.9
12725,42.5,74.8
12726,45.7,95.2
12729,45.4,114.7
12732,47.6,101
12733,28.4,163.5
12734,48.4,97.2
12736,48.6,112.2
12737,41.9,107.3
12738,39.5,49.2
12740,46.5,107.1
12741,54.4,60.4
12742,32.8,153.1
12743,55.4,136.5
12745,33.5,109.6
12746,35.2,122.8
12747,46.1,99.3
12748,50.3,96.3
12749,59.9,104.5
12750,42.3,93.9
12751,20.5,117.6
12752,49.3,160
12754,41.3,99.2
12758,44.2,104.9
12759,28.8,100.9
12760,63.3,107.8
12762,44.4,102.7
12763,53.4,102.7
12764,51.2,101.3
12765,32.6,106.4
12766,51.3,92.7
12767,20.8,61.5
12768,54.6,105.2
12769,56.2,79.7
12770,61.6,100
12771,41.2,97.9
12775,44.1,99.7
12776,46.2,81.5
12777,50.8,111.9
12778,54.5,168.1
12779,27.7,98.7
12780,43.5,75.1
12781,49.5,129
12783,42.8,123.6
12784,50.3,28.6
12785,44.6,82.8
12786,62.2,129.6
12787,50.7,78.4
12788,41.7,163.4
12789,42.5,99.2
12790,43.3,100.3
12791,50.5,78.2
12792,38.5,104
12801,38.8,93.4
12803,41.7,99.9
12804,45.5,93.7
12808,65.2,128.9
12809,46.9,98.8
12810,46.5,110.5
12811,45.9,91.4
12812,64.1,132
12814,46.4,94.2
12815,54.2,98.7
12816,46.9,98.8
12817,45.2,97.6
12819,55.6,116.1
12821,35.6,1073.3
12822,40.4,103.3
12823,54.7,97.3
12824,55.7,109
12827,43.6,113.5
12828,44.2,98.4
12831,40.7,97.9
12832,45,96.4
12833,47.9,105.3
12834,44.2,96.2
12835,51.2,112.7
12836,55.4,100.6
12837,44.6,85.2
12838,49.3,112.5
12839,37.4,96.9
12841,68.2,78.6
12842,48.8,92.6
12843,48.4,91.8
12844,53,87.9
12845,51.5,100.1
12846,44,101
12847,53.3,151
12849,37.8,97.8
12850,41.1,118.9
12851,57.1,123.5
12852,61.3,97.8
12853,55.8,98.7
12855,52.8,98
12856,53,150
12857,44.6,110.5
12858,71.7,105.3
12859,37.6,97.2
12860,34.5,86.8
12861,51,103.8
12862,-,-
12863,44.6,184
12864,65.8,362.5
12865,46.7,110.5
12866,41.2,95.4
12870,50.9,86.6
12871,40.2,95.9
12872,49.8,46.4
12873,50.6,116.5
12874,68.8,102.9
12878,52.1,106.4
12883,46.4,84.9
12884,47.5,138.2
12885,45,104.4
12886,45.6,84.4
12887,40.2,98.6
12901,35,97.9
12903,46.2,76.8
12910,37.7,164.3
12911,54.3,115
12912,41.8,78.5
12913,47.6,105.9
12914,31.8,113.4
12916,44.2,90
12917,46.9,112.9
12918,43.1,92.7
12919,41.9,96.1
12920,43.1,128.4
12921,45.6,84.7
12922,56.9,117.6
12923,42.3,130
12924,33,92.9
12926,44.2,127.9
12927,61,134.3
12928,44.9,104.6
12929,38.3,753
12930,37.9,116.2
12932,51.4,91.6
12933,23.5,33.3
12934,37.1,103.2
12935,43.5,95.9
12936,45.6,91.2
12937,42,99.4
12939,37.6,146.1
12941,45,99.9
12942,51.6,96
12943,50.2,66.4
12944,46.1,110.1
12945,62.4,97
12946,42.9,101.6
12950,44.2,132.2
12952,37.5,91.4
12953,38.5,157.9
12955,44.4,97.9
12956,38.9,117.9
12957,41.8,96.5
12958,38.3,95.4
12959,48.4,103.9
12960,37.8,128.9
12961,58.4,175.6
12962,42.6,91.7
12964,35.4,102.9
12965,44.9,111.9
12966,37.3,108
12967,38.3,131.7
12969,45.6,113.7
12970,20.9,146.3
12972,43.8,107.2
12973,51.6,122.4
12974,45,99.3
12975,43.3,111.3
12976,53,103.4
12977,35.8,4426.3
12978,22.5,68.4
12979,44.3,91.2
12980,47.5,103.9
12981,39.8,100.2
12983,47,106.4
12985,38.2,105.4
12986,39.5,105.1
12987,56.3,54.2
12989,50.2,113.2
12992,40,96.1
12993,50.5,115.4
12996,53.5,102
12997,43,100.2
12998,34.6,111.7
13020,44.7,187
13021,42.4,97.9
13024,38.1,-
13026,35.6,92.1
13027,45.2,98.1
13028,47.1,121.1
13029,37.9,98.2
13030,44.5,118.8
13031,42.8,94.2
13032,44.4,100.5
13033,40,100.6
13034,45.5,96.7
13035,46.1,93.9
13036,43.3,96.1
13037,41.7,94.7
13039,39,96
13040,41.8,100.6
13041,37.6,97.4
13042,37.6,94.8
13044,44.7,91.1
13045,32.7,89.8
13051,13.9,73
13052,47.1,104.3
13053,45.5,89.6
13054,44,92.2
13057,46.2,86.3
13060,46.6,81.7
13061,49.8,134.2
13062,18.7,107.1
13063,39.4,109.6
13064,66.3,100
13066,47.3,89.9
13068,42,103.5
13069,38.7,100.9
13071,35.2,115.6
13072,46,121.5
13073,41.6,109.4
13074,43.2,90.5
13076,43.2,109.9
13077,40.9,101.8
13078,46.6,101.4
13080,43.7,100.2
13081,50.4,103.2
13082,45.2,95.3
13083,39,102.1
13084,38.8,106.8
13087,58.3,120.7
13088,45.5,95.3
13090,38.2,99.4
13092,43.3,99.4
13101,43.6,104.8
13102,-,-
13103,36.5,106.3
13104,43.1,95.4
13108,44.7,103.1
13110,49.8,103.2
13111,43.5,97.2
13112,39.4,96.4
13113,37.1,109.5
13114,37.5,99.4
13115,33.9,284
13116,33.9,76.7
13117,44.9,79.3
13118,41.2,125.5
13120,41.1,127.2
13122,36.5,84.8
13123,58.1,112
13124,42.5,129.4
13126,35,102.7
13131,42.8,99.9
13132,47.6,96
13134,52.1,38.6
13135,40.2,96.1
13136,41.8,107.3
13138,-,-
13140,44,89.7
13141,37.2,101
13142,41.3,94.2
13143,43.1,134.9
13144,34.6,108.7
13145,42.1,99.8
13146,46,104.9
13147,41.8,100.3
13148,42.6,99.5
13152,50.3,97.2
13153,50.2,109.4
13155,41.4,128.3
13156,45.1,123.2
13157,54,78.7
13158,44.6,110.6
13159,43.8,112.6
13160,41.5,104.2
13162,42.3,97.3
13163,34.9,127.7
13164,38.1,106.3
13165,41.7,91.1
13166,43.5,103.4
13167,41.2,102.2
13202,27.1,113.1
13203,34.3,96.2
13204,30.6,97.5
13205,35.3,87.7
13206,36.6,84.1
13207,34.2,86.1
13208,33.7,91.1
13209,42.2,95.4
13210,21.2,80.3
13211,37.2,90.7
13212,43.7,91.5
13214,34.1,87.8
13215,44.8,89.8
13219,44.9,89.5
13224,40.1,88.7
13290,-,-
13301,54.7,104.9
13302,40.3,111.9
13303,48.2,103.2
13304,46.3,111.6
13305,30.3,135.7
13308,49.1,112.9
13309,42.9,100.7
13310,43.8,92.4
13312,48.3,101.6
13313,32.2,86.2
13314,37.2,106.2
13315,44.6,94.4
13316,41.5,99.1
13317,42,87
13318,41.6,101.2
13319,31.1,55
13320,47.1,91.3
13321,37.9,85
13322,46.7,111.7
13323,42.9,90.1
13324,45.7,107.4
13325,44.6,106.4
13326,52.1,98.1
13327,40.6,97.9
13328,42.6,111.1
13329,39.9,98.3
13331,70.4,88.8
13332,34.3,100.5
13333,50.9,84.8
13334,47.3,141.4
13335,43.5,112.7
13337,55,96.1
13338,54.6,88.3
13339,42.2,103.2
13340,44.9,93
13341,36.2,65.1
13342,53.6,91.8
13343,42,108
13345,39.3,92.2
13346,23,94.9
13348,46.9,98.6
13350,43.1,98.2
13352,38.4,40.4
13353,65,192.3
13354,44.2,97
13355,30.3,100.2
13357,38.7,85.3
13360,58.3,120.2
13361,40.5,135.8
13362,38.8,108.2
13363,40.9,100
13364,51.5,162.9
13365,43.5,103.8
13367,42.2,97.1
13368,43.1,99.8
13402,51.3,95.8
13403,40.7,202.1
13404,43.3,88.9
13406,46.5,121.6
13407,44.1,98.6
13408,22.2,97.5
13409,38.9,87.2
13410,46.8,86.7
13411,49.3,93.4
13413,47.1,88.2
13415,30.7,106.3
13416,40.7,97.5
13417,43.7,72.2
13418,44.8,111.7
13420,55.1,74.4
13421,39.9,90.3
13424,43.2,118.3
13425,38.3,112.1
13428,40.7,77.1
13431,46.1,96.2
13433,37.3,96.1
13435,38.7,94.9
13436,60.7,340
13437,48.5,101.7
13438,45.9,108.6
13439,46.3,97
13440,41.9,105.5
13441,18.2,375
13450,61.4,90
13452,39.9,98.9
13454,36.2,82.3
13456,44.6,109.3
13459,43.7,109.8
13460,44,84.7
13461,46,100.8
13464,46,95.8
13468,38.5,84.1
13469,35.7,109.8
13470,54.1,94
13471,40.6,104.3
13472,55.9,181.5
13473,49.9,94.9
13475,54.6,29.4
13476,41.7,84.8
13477,38,95.7
13478,44.3,109.3
13480,45.7,94.9
13483,43.1,106.6
13484,15.6,90.9
13485,47.9,99.4
13486,42.5,107.1
13488,31.6,181.4
13489,44.6,96.9
13490,41.2,99.5
13491,40.3,101.8
13492,46.6,93.9
13493,37.2,99.7
13494,55.2,79.9
13495,36.4,103.6
13501,33.9,92.2
13502,37.2,97.9
13601,32.6,99.5
13602,22.2,1059.4
13603,22.3,107.4
13605,37.6,100.4
13606,35.9,108
13607,52.4,91.1
13608,33.2,116.2
13612,31.7,103.3
13613,42.1,103.1
13614,56.7,100
13615,40.4,99.3
13616,26.7,114.3
13617,28,100.1
13618,50.1,102.8
13619,34.6,104.1
13620,41.2,118.4
13621,43,107.9
13622,33.3,86.6
13623,34.4,126.3
13624,39,127.7
13625,47,110
13626,35.4,105.2
13628,33.6,114
13630,33.5,96.8
13633,31.9,171.2
13634,35.4,107
13635,41.9,89.9
13636,38.8,72.7
13637,26.9,114.4
13638,30.7,103.5
13639,42.2,112.9
13640,62,122.4
13641,79.4,150
13642,40.2,121.4
13643,-,-
13646,42.9,105.5
13647,62.7,148.1
13648,41.6,100
13650,50.3,91.8
13651,67,81.3
13652,41.8,97.5
13654,27.8,113.9
13655,31.6,116.5
13656,39.3,97.6
13658,45,95.9
13659,45.7,110.2
13660,40.4,91.9
13661,42.4,105.9
13662,42,88.9
13664,41.7,110.4
13665,32.2,112.3
13666,37.9,113.3
13667,36.1,103.7
13668,37.3,90.3
13669,41.5,113.8
13670,47,115.8
13672,30,95.6
13673,33.7,82.5
13674,27.4,63.1
13675,25.8,36
13676,24.5,103.7
13677,35.2,106.8
13678,33.6,197.7
13679,43.2,97.5
13680,39.2,96.4
13681,36.4,106.9
13682,41.2,105.3
13684,36.3,144.1
13685,38.1,116.3
13687,49,80.2
13690,47.9,79.4
13691,40,96.3
13692,72.8,51.1
13693,43.9,124.1
13694,48,101.5
13695,56.6,185.1
13696,59.5,29.1
13697,45.7,96.9
13730,47.9,110.7
13731,51.7,115.1
13732,43.3,99.9
13733,45.3,109.5
13734,42.7,76.7
13736,37.7,92.1
13739,46.3,103.8
13740,48.7,88.8
13743,40.6,82
13744,47.6,135.8
13746,43.7,104.6
13748,43.6,81.3
13750,46.3,114.4
13751,46.9,162.5
13752,57.8,110.4
13753,27.8,104.2
13754,46.2,100.7
13755,45.4,90.8
13756,49.4,89.1
13757,49.7,138.3
13760,42.4,94.3
13774,18.8,140
13775,43.5,99.9
13776,50,66
13777,51,90.8
13778,42.9,93.9
13780,54.4,105.4
13782,43.7,90.2
13783,48.3,96.9
13784,41.3,111.8
13786,39.4,151.9
13787,37.8,117.6
13788,50.6,110.7
13790,38.7,89
13794,55.7,66.7
13795,44.8,89
13796,47.8,102.2
13797,39.6,90.4
13801,50.3,113.9
13802,39.1,88.9
13803,40.2,109.2
13804,38.1,79.8
13806,47.3,147.4
13807,48.5,86.5
13808,50.6,93.1
13809,36.4,119.2
13810,49.8,102.4
13811,44,104.3
13812,38.8,103.3
13813,57.8,132.4
13815,40.7,90.1
13820,27.2,92.8
13825,46.7,96.6
13826,-,-
13827,46.4,100.3
13830,47.3,114.8
13832,39.5,93.8
13833,44.8,101.2
13834,-,-
13835,43.8,103.1
13838,42,120
13839,56.5,110
13841,41.6,95.8
13842,45.2,123.1
13843,43.6,108.3
13844,40.6,110.8
13845,-,245
13846,55.3,99.2
13847,21.9,66.7
13849,46.1,99.2
13850,44.9,92.2
13856,44.7,91.4
13859,34.1,188.5
13860,31.2,51.4
13861,37.1,60.7
13862,40.9,101.9
13863,32.4,105.5
13864,45.4,129.2
13865,45.1,110.1
13901,40.1,97.2
13902,19.7,104.5
13903,42.4,102.4
13904,42.4,93.3
13905,35.9,99.7
14001,46.2,96.9
14004,43.5,126.1
14005,42.6,91.8
14006,46.5,91.2
14008,43,84.7
14009,40.3,98.3
14011,37.6,218.5
14012,42.2,93.7
14013,47.9,107.5
14020,42.4,102.1
14024,37,102.3
14025,42.3,131
14026,46.3,85.4
14028,43,97.9
14030,48.2,120.3
14031,45.2,95.8
14032,41.9,96.2
14033,44.2,96.7
14034,42.8,181.1
14035,52.8,106.3
14036,45.3,110.8
14037,50.4,98.7
14039,32.7,120.4
14040,42.4,94.5
14041,31.1,92.3
14042,39.3,94.6
14043,42.6,93.5
14047,42.8,92.7
14048,41.3,93.7
14051,44.1,97.2
14052,45.4,93.2
14054,45.3,101.8
14055,45.5,107.7
14057,48.4,113.5
14058,37.2,97.6
14059,51,98.2
14060,49.5,112.4
14061,34.7,102.3
14062,48.2,107.1
14063,33.2,87.9
14065,42.7,102.8
14066,46.2,101.7
14067,42.8,100.6
14068,49,77.8
14069,52.5,149.5
14070,41.4,162.5
14072,41.6,96.9
14075,44.5,88.3
14080,45.6,99.3
14081,46.3,91.3
14082,55.7,92.3
14085,39.4,110.5
14086,41.5,97.7
14091,44.3,97.3
14092,49.7,88.1
14094,42.1,95.1
14098,42.1,117.7
14101,45.2,91.8
14102,44.2,72.9
14103,41.2,96.3
14105,42.2,98.7
14108,40.3,99.5
14109,19.3,56.2
14111,40.3,111.6
14112,-,-
14113,43.2,100
14120,43.1,97
14125,40.2,100.5
14126,46.2,115.8
14127,45.5,90
14129,42.8,95
14130,48.1,126.3
14131,48.6,103.7
14132,38.2,105.9
14134,41.5,68.5
14135,48.3,98.5
14136,40.1,87.3
14138,34.5,107
14139,41.9,91.4
14141,46.3,102.9
14143,45.9,103.5
14145,40.7,88
14150,44.8,89.7
14167,42.6,115.5
14168,16.9,49
14169,51.3,63.2
14170,47.5,87.6
14171,49,92.7
14172,47.1,100.9
14173,54.6,134.4
14174,47.5,105
14201,31,101.5
14202,36.5,123.4
14203,32.4,81.8
14204,42.3,75.1
14206,39.9,94.7
14207,31.6,92.8
14208,28.6,69.9
14209,35.2,85.4
14210,34.1,106.3
14211,31.7,83.8
14212,35.8,96.4
14213,28.9,100.7
14214,32,104.5
14215,32,80.8
14216,36.4,93.1
14217,43,91.7
14218,39.4,92.5
14219,41.2,98.7
14220,37.9,91.3
14221,47.9,86.6
14222,29.9,106
14223,40.6,95
14224,45.8,92.2
14225,41.2,87.3
14226,39.9,92.3
14227,48,89.7
14228,32.1,106.8
14261,19.7,95.6
14301,37.6,88.2
14302,85.5,200
14303,40.8,92.9
14304,45.8,97.7
14305,36.5,80.7
14411,41.1,102
14414,42.1,100.5
14415,53.5,118.8
14416,43.2,101.7
14418,44.9,91
14420,32.3,92.6
14422,43.4,101.4
14423,44.3,99.8
14424,46.4,93.7
14425,36.3,87.8
14427,38.9,92
14428,47.3,91.1
14432,42.3,102.2
14433,36.3,109.5
14435,47.2,109.4
14437,43.2,133.6
14441,36.5,156.7
14445,37.4,105.4
14450,45,91.9
14454,21.8,80.5
14456,35.8,97.4
14462,38.1,124.4
14464,39.4,93.7
14466,43.1,78.5
14467,42.2,102
14468,42.5,108.5
14469,47,101.7
14470,44.3,93.8
14471,52.6,92.9
14472,45.5,111.9
14475,44.3,100.8
14476,41.9,93.1
14477,42.8,108.5
14478,21.3,74.1
14479,29.5,66.9
14480,26.8,78.6
14481,44.9,112.9
14482,41.8,89.3
14485,44.1,96.9
14486,41.1,84.4
14487,40.5,93.6
14489,44.6,90.4
14502,40,92.9
14504,40.4,93.6
14505,45.5,98.2
14506,48.6,103.4
14507,45.6,94.3
14510,41.5,92.4
14511,50.7,143.8
14512,47.8,93.9
14513,45,91.8
14514,41,96.2
14516,42.8,108.8
14517,42.9,96.2
14519,44.5,98.2
14521,44,113.1
14522,44.8,91.5
14525,40.1,93.1
14526,44.1,88
14527,43.8,97.8
14529,61,96.8
14530,42.5,104.8
14532,42.8,113.6
14533,41.9,109.4
14534,46.2,92.6
14536,47.4,77.4
14537,46.4,88.2
14539,36.8,137.8
14541,35.4,246.1
14542,61,100
14543,49.6,95.3
14544,43.6,88.3
14545,40.7,108.6
14546,42.4,95.7
14548,46.7,98.6
14549,60.7,64.3
14550,40.5,97.5
14551,40.7,94.4
14555,51.6,103.4
14559,42.6,92.8
14560,46.2,115.2
14561,41.3,95.5
14564,43,98.2
14568,37.3,98.9
14569,44.3,87.5
14571,51.7,99.6
14572,43.5,88.7
14580,43.3,91.5
14585,67.9,68.1
14586,33,105.7
14588,33.9,826.3
14589,43.9,97.2
14590,43.6,104.8
14591,45.8,107.9
14592,49.8,124.3
14604,46.7,99.3
14605,25.2,83.5
14606,35.4,89.8
14607,29.2,107.3
14608,30,86.9
14609,32.9,90.2
14610,44.4,98.1
14611,31.7,89.6
14612,44.4,95.3
14613,30.5,92.5
14614,30.2,1297.6
14615,36.3,91.2
14616,40.7,83.9
14617,43.9,91.3
14618,40.4,83.3
14619,31.7,84.5
14620,32,96.7
14621,32.4,90.9
14622,46.7,86.5
14623,27.6,119.7
14624,40.9,96.1
14625,48.5,94.5
14626,46.1,85.9
14627,19.5,118.5
14701,40.6,99.1
14706,45.4,86.7
14707,46.7,134.4
14708,42.1,82.2
14709,41,122.4
14710,48.3,103.4
14711,33.4,103.1
14712,47.5,97.4
14714,34.9,100.8
14715,39.1,103.2
14716,34.9,135.6
14717,49.2,146.2
14718,41.7,107
14719,44.9,104.8
14720,38.9,121.2
14721,27.7,101.8
14722,51.4,95.1
14723,46.8,111.7
14724,39.6,104.3
14726,26,91.8
14727,46.2,97.8
14728,51,104.9
14729,50.4,115.3
14731,51.4,100.3
14732,48.6,107.6
14733,37.1,107.2
14735,41.5,111.1
14736,49.1,137.1
14737,42.8,104.2
14738,49.1,98.9
14739,39,98.4
14740,49.6,104.1
14741,40.8,94.8
14742,58.9,124.2
14743,39.4,87.7
14744,21.1,77.1
14747,48.6,134.7
14748,32.6,87.2
14750,46.7,80.8
14752,54.3,34.2
14753,44.8,96.8
14754,46.3,77.3
14755,39.8,113.4
14756,45.8,55.9
14757,41.1,113.1
14760,43.3,97.7
14767,36,102.3
14769,48.2,90
14770,44.5,120.5
14772,36.5,106.5
14774,27.9,88.5
14775,42.4,120
14777,47.1,128.2
14778,20,77
14779,36.1,92.8
14781,36.1,103.1
14782,34.5,97.9
14783,44,102.5
14784,42.7,101.7
14787,47.4,87.2
14788,27.9,73.4
14801,38.7,87.5
14802,20.2,124
14803,40.5,114.2
14804,41.4,114.6
14805,43.8,114.9
14806,42.6,105
14807,47.5,93.5
14808,51.3,155.5
14809,43.1,112.4
14810,43.8,100.1
14812,37.5,112.1
14813,45,113.4
14814,43.3,85.5
14815,47.9,101.6
14816,41.6,74.9
14817,46.4,85
14818,47.8,91.1
14819,47.9,98.6
14820,50.2,88.7
14821,44.7,97.2
14822,36,98.1
14823,41.6,110
14824,53.2,101.3
14825,47.7,83.7
14826,42.9,94.8
14827,57.1,46.7
14830,40,102.6
14836,49.7,99
14837,40.1,95.4
14838,42,105.4
14839,40.7,97.6
14840,53.2,101.3
14841,57.7,94.2
14842,53.8,123.2
14843,40.1,100.9
14845,44.6,93.6
14846,49.6,117.9
14847,46.3,92.9
14850,26.3,96.5
14853,19.6,105.1
14854,-,87.5
14855,27.3,90.8
14856,68.3,40.5
14858,39.2,90.4
14859,48.9,97.4
14860,43,95.9
14861,49.2,105.7
14864,52,124.2
14865,49.6,80.7
14867,37.3,91.2
14869,42.6,97
14870,41.3,92.4
14871,47.9,117.7
14872,48.7,127.9
14873,43.4,111.1
14874,49.5,101.8
14877,47.2,118.2
14878,42.4,91.7
14879,46.2,101.1
14880,52,91
14881,44.3,64.5
14882,38.6,93.2
14883,43,108.1
14884,54.9,105.6
14885,39.6,92.7
14886,42.9,100.7
14889,45.4,103
14891,43.4,91.6
14892,41.6,95.6
14893,68,100
14894,40.3,98.6
14895,46.1,91.9
14897,44.4,105.3
14898,32.5,90.5
14901,33.6,114.8
14903,41.3,99.3
14904,37.9,85.1
14905,42.5,93.3